{
    "model.embed_tokens": {
        "model.embed_tokens.weight": 1.0242815017700195
    },
    "model.norm": {
        "model.norm.weight": 1.0
    },
    "layers.0.": {
        "model.layers.0.input_layernorm.weight": 0.9999980926513672,
        "model.layers.0.mlp.down_proj.weight": 0.9998845458030701,
        "model.layers.0.mlp.gate_proj.weight": 0.9999034404754639,
        "model.layers.0.mlp.up_proj.weight": 0.9998809695243835,
        "model.layers.0.post_attention_layernorm.weight": 0.9999986886978149,
        "model.layers.0.self_attn.k_proj.weight": 0.9999518990516663,
        "model.layers.0.self_attn.o_proj.weight": 0.9996612668037415,
        "model.layers.0.self_attn.q_proj.weight": 1.0000169277191162,
        "model.layers.0.self_attn.v_proj.weight": 0.9996724128723145
    },
    "layers.1.": {
        "model.layers.1.input_layernorm.weight": 0.9999985694885254,
        "model.layers.1.mlp.down_proj.weight": 0.9989027380943298,
        "model.layers.1.mlp.gate_proj.weight": 0.9999078512191772,
        "model.layers.1.mlp.up_proj.weight": 0.9998839497566223,
        "model.layers.1.post_attention_layernorm.weight": 0.9999993443489075,
        "model.layers.1.self_attn.k_proj.weight": 0.9999369978904724,
        "model.layers.1.self_attn.o_proj.weight": 0.9997108578681946,
        "model.layers.1.self_attn.q_proj.weight": 0.999919593334198,
        "model.layers.1.self_attn.v_proj.weight": 0.9997084736824036
    },
    "layers.2.": {
        "model.layers.2.input_layernorm.weight": 0.9999998211860657,
        "model.layers.2.mlp.down_proj.weight": 0.9998761415481567,
        "model.layers.2.mlp.gate_proj.weight": 0.999900221824646,
        "model.layers.2.mlp.up_proj.weight": 0.9998865723609924,
        "model.layers.2.post_attention_layernorm.weight": 0.9999996423721313,
        "model.layers.2.self_attn.k_proj.weight": 0.9999167323112488,
        "model.layers.2.self_attn.o_proj.weight": 0.9996764659881592,
        "model.layers.2.self_attn.q_proj.weight": 0.999888002872467,
        "model.layers.2.self_attn.v_proj.weight": 0.9996582865715027
    },
    "layers.3.": {
        "model.layers.3.input_layernorm.weight": 1.0,
        "model.layers.3.mlp.down_proj.weight": 0.9998866319656372,
        "model.layers.3.mlp.gate_proj.weight": 0.99989914894104,
        "model.layers.3.mlp.up_proj.weight": 0.9998887181282043,
        "model.layers.3.post_attention_layernorm.weight": 0.9999997615814209,
        "model.layers.3.self_attn.k_proj.weight": 0.9999088644981384,
        "model.layers.3.self_attn.o_proj.weight": 0.9997105598449707,
        "model.layers.3.self_attn.q_proj.weight": 0.9998553395271301,
        "model.layers.3.self_attn.v_proj.weight": 0.9997321367263794
    },
    "layers.4.": {
        "model.layers.4.input_layernorm.weight": 0.9999998807907104,
        "model.layers.4.mlp.down_proj.weight": 0.9998864531517029,
        "model.layers.4.mlp.gate_proj.weight": 0.9998877644538879,
        "model.layers.4.mlp.up_proj.weight": 0.9998927116394043,
        "model.layers.4.post_attention_layernorm.weight": 0.9999998807907104,
        "model.layers.4.self_attn.k_proj.weight": 0.9999076128005981,
        "model.layers.4.self_attn.o_proj.weight": 0.999749481678009,
        "model.layers.4.self_attn.q_proj.weight": 0.99985671043396,
        "model.layers.4.self_attn.v_proj.weight": 0.9997696280479431
    },
    "layers.5.": {
        "model.layers.5.input_layernorm.weight": 1.0,
        "model.layers.5.mlp.down_proj.weight": 0.9998910427093506,
        "model.layers.5.mlp.gate_proj.weight": 0.9998884201049805,
        "model.layers.5.mlp.up_proj.weight": 0.9998927712440491,
        "model.layers.5.post_attention_layernorm.weight": 1.0,
        "model.layers.5.self_attn.k_proj.weight": 0.9999085068702698,
        "model.layers.5.self_attn.o_proj.weight": 0.999711275100708,
        "model.layers.5.self_attn.q_proj.weight": 0.999852180480957,
        "model.layers.5.self_attn.v_proj.weight": 0.9996903538703918
    },
    "layers.6.": {
        "model.layers.6.input_layernorm.weight": 1.0,
        "model.layers.6.mlp.down_proj.weight": 0.99989914894104,
        "model.layers.6.mlp.gate_proj.weight": 0.9998957514762878,
        "model.layers.6.mlp.up_proj.weight": 0.9998942017555237,
        "model.layers.6.post_attention_layernorm.weight": 0.9999999403953552,
        "model.layers.6.self_attn.k_proj.weight": 0.9999053478240967,
        "model.layers.6.self_attn.o_proj.weight": 0.9997115731239319,
        "model.layers.6.self_attn.q_proj.weight": 0.9998506307601929,
        "model.layers.6.self_attn.v_proj.weight": 0.9997183680534363
    },
    "layers.7.": {
        "model.layers.7.input_layernorm.weight": 1.0,
        "model.layers.7.mlp.down_proj.weight": 0.9999029636383057,
        "model.layers.7.mlp.gate_proj.weight": 0.9999126195907593,
        "model.layers.7.mlp.up_proj.weight": 0.9998999238014221,
        "model.layers.7.post_attention_layernorm.weight": 1.0,
        "model.layers.7.self_attn.k_proj.weight": 0.9999107122421265,
        "model.layers.7.self_attn.o_proj.weight": 0.9997291564941406,
        "model.layers.7.self_attn.q_proj.weight": 0.9998401999473572,
        "model.layers.7.self_attn.v_proj.weight": 0.9997190833091736
    },
    "layers.8.": {
        "model.layers.8.input_layernorm.weight": 1.0,
        "model.layers.8.mlp.down_proj.weight": 0.9999117255210876,
        "model.layers.8.mlp.gate_proj.weight": 0.9999200701713562,
        "model.layers.8.mlp.up_proj.weight": 0.999905526638031,
        "model.layers.8.post_attention_layernorm.weight": 0.9999998807907104,
        "model.layers.8.self_attn.k_proj.weight": 0.9999041557312012,
        "model.layers.8.self_attn.o_proj.weight": 0.9997421503067017,
        "model.layers.8.self_attn.q_proj.weight": 0.9998473525047302,
        "model.layers.8.self_attn.v_proj.weight": 0.9997243285179138
    },
    "layers.9.": {
        "model.layers.9.input_layernorm.weight": 0.9999999403953552,
        "model.layers.9.mlp.down_proj.weight": 0.9999184012413025,
        "model.layers.9.mlp.gate_proj.weight": 0.9999215006828308,
        "model.layers.9.mlp.up_proj.weight": 0.9998990297317505,
        "model.layers.9.post_attention_layernorm.weight": 1.0,
        "model.layers.9.self_attn.k_proj.weight": 0.9999052286148071,
        "model.layers.9.self_attn.o_proj.weight": 0.9997650384902954,
        "model.layers.9.self_attn.q_proj.weight": 0.9998552203178406,
        "model.layers.9.self_attn.v_proj.weight": 0.999778151512146
    },
    "layers.10.": {
        "model.layers.10.input_layernorm.weight": 1.0,
        "model.layers.10.mlp.down_proj.weight": 0.9999211430549622,
        "model.layers.10.mlp.gate_proj.weight": 0.9999329447746277,
        "model.layers.10.mlp.up_proj.weight": 0.9999092221260071,
        "model.layers.10.post_attention_layernorm.weight": 1.0,
        "model.layers.10.self_attn.k_proj.weight": 0.9999014139175415,
        "model.layers.10.self_attn.o_proj.weight": 0.9997583627700806,
        "model.layers.10.self_attn.q_proj.weight": 0.9998437166213989,
        "model.layers.10.self_attn.v_proj.weight": 0.99973464012146
    },
    "layers.11.": {
        "model.layers.11.input_layernorm.weight": 1.0,
        "model.layers.11.mlp.down_proj.weight": 0.9999194741249084,
        "model.layers.11.mlp.gate_proj.weight": 0.999933123588562,
        "model.layers.11.mlp.up_proj.weight": 0.9999163150787354,
        "model.layers.11.post_attention_layernorm.weight": 1.0,
        "model.layers.11.self_attn.k_proj.weight": 0.9998968839645386,
        "model.layers.11.self_attn.o_proj.weight": 0.9997649192810059,
        "model.layers.11.self_attn.q_proj.weight": 0.9998350739479065,
        "model.layers.11.self_attn.v_proj.weight": 0.9998026490211487
    },
    "layers.12.": {
        "model.layers.12.input_layernorm.weight": 1.0,
        "model.layers.12.mlp.down_proj.weight": 0.9999174475669861,
        "model.layers.12.mlp.gate_proj.weight": 0.9999240636825562,